 CoordinateX,Density,Velocity,Pressure,DummyOutput 
    0.005000000,    1.000000000,    0.000000000,    0.010000000,    0.000000000
    0.015000000,    1.000000000,    0.000000000,    0.010000000,    0.000000000
    0.025000000,    1.000000000,    0.000000000,    0.010000000,    0.000000000
    0.035000000,    1.000000000,    0.000000000,    0.010000000,    0.000000000
    0.045000000,    1.000000000,    0.000000000,    0.010000000,    0.000000000
    0.055000000,    1.000000000,    0.000000000,    0.010000000,    0.000000000
    0.065000000,    1.000000000,    0.000000000,    0.010000000,    0.000000000
    0.075000000,    1.000000000,    0.000000000,    0.010000000,    0.000000000
    0.085000000,    1.000000000,    0.000000000,    0.010000000,    0.000000000
    0.095000000,    1.000000000,    0.000000000,    0.010000000,    0.000000000
    0.105000000,    1.000000000,    0.000000000,    0.010000000,    0.000000000
    0.115000000,    1.000000000,    0.000000000,    0.010000000,    0.000000000
    0.125000000,    1.000000000,    0.000000000,    0.010000000,    0.000000000
    0.135000000,    1.000000000,    0.000000000,    0.010000000,    0.000000000
    0.145000000,    1.000000000,   -0.000000000,    0.010000000,    0.000000000
    0.155000000,    1.000000000,   -0.000000000,    0.010000000,    0.000000000
    0.165000000,    1.000000124,   -0.000000018,    0.010000002,    0.000000000
    0.175000000,    1.001041560,   -0.000423936,    0.010129069,    0.000000000
    0.185000000,    1.063276164,   -0.256687513,    0.686206302,    0.000000000
    0.195000000,    1.579145910,   -4.728563785,   32.045352311,    0.000000000
    0.205000000,    2.905457996,  -12.346342897,  162.998368042,    0.000000000
    0.215000000,    4.064010101,  -16.818648709,  316.898055601,    0.000000000
    0.225000000,    4.421177697,  -18.713066007,  407.820778528,    0.000000000
    0.235000000,    4.201551305,  -19.410088405,  444.436000793,    0.000000000
    0.245000000,    3.720567294,  -19.638833151,  455.803620256,    0.000000000
    0.255000000,    3.153576378,  -19.700226345,  458.646551126,    0.000000000
    0.265000000,    2.583083354,  -19.715237442,  459.005403917,    0.000000000
    0.275000000,    2.060923124,  -19.684616225,  460.093468104,    0.000000000
    0.285000000,    1.670478377,  -18.981187332,  482.727709971,    0.000000000
    0.295000000,    1.318573962,  -18.831680851,  482.804501695,    0.000000000
    0.305000000,    1.064540145,  -18.917960928,  475.732386769,    0.000000000
    0.315000000,    0.895459826,  -19.037118701,  470.028194075,    0.000000000
    0.325000000,    0.783052548,  -19.177470033,  466.379903781,    0.000000000
    0.335000000,    0.707358319,  -19.293474818,  463.480532026,    0.000000000
    0.345000000,    0.656884488,  -19.430053135,  461.508237417,    0.000000000
    0.355000000,    0.623351373,  -19.518962878,  460.020259664,    0.000000000
    0.365000000,    0.601550161,  -19.611764487,  458.997610374,    0.000000000
    0.375000000,    0.587588174,  -19.665594611,  458.268798944,    0.000000000
    0.385000000,    0.578921759,  -19.718231931,  457.726788490,    0.000000000
    0.395000000,    0.573684570,  -19.747219679,  457.347724555,    0.000000000
    0.405000000,    0.570638044,  -19.775457806,  457.033572919,    0.000000000
    0.415000000,    0.568923829,  -19.791939418,  456.785021854,    0.000000000
    0.425000000,    0.568003626,  -19.809157160,  456.554677830,    0.000000000
    0.435000000,    0.567520884,  -19.820983170,  456.341978177,    0.000000000
    0.445000000,    0.567279673,  -19.834241972,  456.132267466,    0.000000000
    0.455000000,    0.567151725,  -19.844805061,  455.926067952,    0.000000000
    0.465000000,    0.567085808,  -19.856443858,  455.726036283,    0.000000000
    0.475000000,    0.567047283,  -19.865864809,  455.539166991,    0.000000000
    0.485000000,    0.567041196,  -19.874873308,  455.381591574,    0.000000000
    0.495000000,    0.567074347,  -19.880272089,  455.273962473,    0.000000000
    0.505000000,    0.567179538,  -19.882144022,  455.250065618,    0.000000000
    0.515000000,    0.567390797,  -19.876798200,  455.351307231,    0.000000000
    0.525000000,    0.567762625,  -19.862622314,  455.633685673,    0.000000000
    0.535000000,    0.568351676,  -19.835180766,  456.161432251,    0.000000000
    0.545000000,    0.569228926,  -19.791494107,  457.010171910,    0.000000000
    0.555000000,    0.570464208,  -19.726743379,  458.258932728,    0.000000000
    0.565000000,    0.572132049,  -19.637466292,  459.989707991,    0.000000000
    0.575000000,    0.574298552,  -19.519405678,  462.278706758,    0.000000000
    0.585000000,    0.577023877,  -19.369828148,  465.194806497,    0.000000000
    0.595000000,    0.580352948,  -19.186070568,  468.792522165,    0.000000000
    0.605000000,    0.584317892,  -18.967054395,  473.112320146,    0.000000000
    0.615000000,    0.588933645,  -18.712200264,  478.177101625,    0.000000000
    0.625000000,    0.594201753,  -18.422262120,  483.995414245,    0.000000000
    0.635000000,    0.600109947,  -18.098478777,  490.560974809,    0.000000000
    0.645000000,    0.606636560,  -17.742945985,  497.857594330,    0.000000000
    0.655000000,    0.613751976,  -17.358004971,  505.859879183,    0.000000000
    0.665000000,    0.621422296,  -16.946368467,  514.538144347,    0.000000000
    0.675000000,    0.629610981,  -16.510755818,  523.858747450,    0.000000000
    0.685000000,    0.638281075,  -16.053906800,  533.788055960,    0.000000000
    0.695000000,    0.647396363,  -15.578432563,  544.291831439,    0.000000000
    0.705000000,    0.656922213,  -15.086770919,  555.338194230,    0.000000000
    0.715000000,    0.666826268,  -14.581199045,  566.896120133,    0.000000000
    0.725000000,    0.677078292,  -14.063742313,  578.937749552,    0.000000000
    0.735000000,    0.687650621,  -13.536298169,  591.436243503,    0.000000000
    0.745000000,    0.698517399,  -13.000498690,  604.367805593,    0.000000000
    0.755000000,    0.709654981,  -12.457909399,  617.709111017,    0.000000000
    0.765000000,    0.721040804,  -11.909847305,  631.439251722,    0.000000000
    0.775000000,    0.732653848,  -11.357629532,  645.536938470,    0.000000000
    0.785000000,    0.744473275,  -10.802356919,  659.982297788,    0.000000000
    0.795000000,    0.756478959,  -10.245186875,  674.754241149,    0.000000000
    0.805000000,    0.768649969,   -9.687110956,  689.831507844,    0.000000000
    0.815000000,    0.780965105,   -9.129206067,  705.191242448,    0.000000000
    0.825000000,    0.793401280,   -8.572474175,  720.807564451,    0.000000000
    0.835000000,    0.805933943,   -8.017972331,  736.653914009,    0.000000000
    0.845000000,    0.818535407,   -7.466862177,  752.695194205,    0.000000000
    0.855000000,    0.831175056,   -6.920213212,  768.899457742,    0.000000000
    0.865000000,    0.843817583,   -6.379549643,  785.215671472,    0.000000000
    0.875000000,    0.856423130,   -5.845948637,  801.605445332,    0.000000000
    0.885000000,    0.868945125,   -5.321577421,  817.992501368,    0.000000000
    0.895000000,    0.881331311,   -4.807486945,  834.332193057,    0.000000000
    0.905000000,    0.893520109,   -4.306846050,  850.512127493,    0.000000000
    0.915000000,    0.905445150,   -3.820657033,  866.483374268,    0.000000000
    0.925000000,    0.917027546,   -3.353438617,  882.088794120,    0.000000000
    0.935000000,    0.928189317,   -2.906188963,  897.277962761,    0.000000000
    0.945000000,    0.938838645,   -2.484865761,  911.849190313,    0.000000000
    0.955000000,    0.948904920,   -2.090637716,  925.750509830,    0.000000000
    0.965000000,    0.958328781,   -1.730508640,  938.752182561,    0.000000000
    0.975000000,    0.967160434,   -1.406416835,  950.794897635,    0.000000000
    0.985000000,    0.975604633,   -1.126361126,  961.642772429,    0.000000000
    0.995000000,    0.983828534,   -0.902489090,  970.855293745,    0.000000000

